kraj,liczba zezwoleń,rok
Albania,14,2008
Algieria,12,2008
Argentyna,16,2008
Armenia,441,2008
Australia,45,2008
Azerbejdżan,19,2008
Bangladesz,54,2008
Bezpaństwowcy,11,2008
Białoruś,1325,2008
Boliwia,3,2008
Bośnia i Hercegowina,105,2008
Brazylia,53,2008
Burkina Faso,9,2008
Chile,4,2008
Chiny - Hongkong,2,2008
Chiny - Prowincja Tajwan,29,2008
Chiny (bez Tajwanu),2040,2008
Chorwacja,38,2008
Czad,1,2008
Czarnogóra,18,2008
Demokratyczna Republika Konga(Zair),2,2008
Dominikana,2,2008
Egipt,44,2008
Ekwador,5,2008
Erytrea,1,2008
Etiopia,4,2008
Filipiny,197,2008
Ghana,4,2008
Gruzja,109,2008
Gwatemala,3,2008
Gwinea,1,2008
Haiti,2,2008
Honduras,1,2008
Indie,733,2008
Indonezja,37,2008
Irak,18,2008
Iran,8,2008
Izrael,92,2008
Japonia,512,2008
Jemen,2,2008
Jordania,13,2008
Kamerun,1,2008
Kanada,72,2008
Kazachstan,40,2008
Kenia,7,2008
Kirgizstan,17,2008
Kolumbia,10,2008
Kongo,8,2008
Koreańska Republika Ludowa,90,2008
Kostaryka,2,2008
Kuba,8,2008
Liban,20,2008
Libia,6,2008
Macedonia,29,2008
Malezja,12,2008
Mali,2,2008
Maroko,35,2008
Mauritius,2,2008
Meksyk,79,2008
Mołdowa,1218,2008
Mongolia,218,2008
Myanmar,2,2008
Nepal,181,2008
Niemcy,1,2008
Nigeria,72,2008
Nowa Zelandia,10,2008
Okupowane Terytorium Palestyny,6,2008
Pakistan,39,2008
Panama,6,2008
Paragwaj,1,2008
Peru,22,2008
Republika Korei,596,2008
Republika Południowej Afryki,22,2008
Rosja,420,2008
Salwador,1,2008
Senegal,9,2008
Serbia,77,2008
Singapur,2,2008
Sri Lanka,10,2008
Stany Zjednoczone Ameryki,365,2008
Sudan,1,2008
Syria,85,2008
Tadżykistan,18,2008
Tajlandia,210,2008
Tanzania,1,2008
Togo,1,2008
Tunezja,44,2008
Turcja,941,2008
Turkmenistan,1,2008
Uganda,2,2008
Ukraina,5400,2008
Urugwaj,1,2008
Uzbekistan,356,2008
Wenezuela,3,2008
Wielka Brytania,3,2008
Wietnam,1200,2008
Wybrzeże Kości Słoniowej,1,2008
Wyspy Dziewicze USA,2,2008
Zimbabwe,5,2008
Afganistan,2,2009
Albania,10,2009
Algieria,12,2009
Argentyna,11,2009
Armenia,619,2009
Australia,54,2009
Azerbejdżan,37,2009
Bangladesz,213,2009
Bezpaństwowcy,14,2009
Białoruś,1669,2009
Boliwia,6,2009
Bośnia i Hercegowina,118,2009
Brazylia,119,2009
Burkina Faso,11,2009
Chile,5,2009
Chiny - Hongkong,13,2009
Chiny - Makau,5,2009
Chiny - Prowincja Tajwan,44,2009
Chiny (bez Tajwanu),4536,2009
Chorwacja,50,2009
Czad,2,2009
Czarnogóra,20,2009
Dominikana,15,2009
Egipt,153,2009
Ekwador,2,2009
Etiopia,7,2009
Filipiny,413,2009
Ghana,13,2009
Gruzja,143,2009
Gwatemala,4,2009
Gwinea,4,2009
Haiti,1,2009
Honduras,2,2009
Indie,1164,2009
Indonezja,65,2009
Irak,30,2009
Iran,10,2009
Izrael,101,2009
Jamajka,1,2009
Japonia,551,2009
Jemen,1,2009
Jordania,8,2009
Kambodża,2,2009
Kamerun,7,2009
Kanada,82,2009
Kazachstan,45,2009
Kenia,7,2009
Kirgizstan,24,2009
Kolumbia,21,2009
Kongo,5,2009
Koreańska Republika Ludowa,104,2009
Kosowo,1,2009
Kostaryka,4,2009
Kuba,21,2009
Liban,22,2009
Libia,9,2009
Macedonia,25,2009
Madagaskar,1,2009
Malezja,19,2009
Mali,4,2009
Maroko,69,2009
Mauritius,3,2009
Meksyk,46,2009
Mołdowa,601,2009
Mongolia,271,2009
Myanmar,9,2009
Nepal,838,2009
Niemcy,1,2009
Nigeria,131,2009
Nowa Zelandia,10,2009
Okupowane Terytorium Palestyny,10,2009
Pakistan,187,2009
Paragwaj,1,2009
Peru,19,2009
Portugalia,1,2009
Republika Korei,624,2009
Republika Południowej Afryki,18,2009
Republika Środkowo-Afrykańska,2,2009
Rosja,540,2009
Salwador,1,2009
Senegal,32,2009
Serbia,139,2009
Singapur,10,2009
Słowenia,2,2009
Sri Lanka,59,2009
Stany Zjednoczone Ameryki,407,2009
Sudan,5,2009
Syria,112,2009
Tadżykistan,6,2009
Tajlandia,561,2009
Tanzania,2,2009
Trynidad i Tobago,2,2009
Tunezja,127,2009
Turcja,1422,2009
Turkmenistan,2,2009
Ukraina,9504,2009
Urugwaj,2,2009
Uzbekistan,295,2009
Wenezuela,8,2009
Wielka Brytania,2,2009
Wietnam,2577,2009
Wybrzeże Kości Słoniowej,2,2009
Wyspy Dziewicze USA,1,2009
Zambia,1,2009
Zimbabwe,16,2009
Zjednoczone Emiraty Arabskie,1,2009
Afganistan,6,2010
Albania,13,2010
Algieria,24,2010
Angola,1,2010
Azerbejdżan,45,2010
Argentyna,15,2010
Australia,48,2010
Bangladesz,676,2010
Armenia,448,2010
Boliwia,5,2010
Bośnia i Hercegowina,59,2010
Brazylia,79,2010
Kosowo,294,2010
Brunei,1,2010
Myanmar,22,2010
Burundi,2,2010
Białoruś,1937,2010
Kambodża,1,2010
Kamerun,24,2010
Kanada,65,2010
Sri Lanka,80,2010
Czad,1,2010
Chile,9,2010
Chiny (bez Tajwanu),6209,2010
Chiny - Prowincja Tajwan,43,2010
Kolumbia,19,2010
Komory,2,2010
Republika Konga,5,2010
Demokratyczna Rep. Konga,16,2010
Kostaryka,4,2010
Chorwacja,44,2010
Kuba,18,2010
Dominikana,22,2010
Ekwador,2,2010
Etiopia,4,2010
Erytrea,1,2010
Gruzja,94,2010
Ghana,58,2010
Gwatemala,3,2010
Gwinea,4,2010
Haiti,1,2010
Honduras,1,2010
Chiny - Hongkong,9,2010
Indie,1189,2010
Indonezja,72,2010
Iran,7,2010
Irak,28,2010
Izrael,87,2010
Wybrzeże Kości Słoniowej,3,2010
Jamajka,1,2010
Japonia,384,2010
Kazachstan,27,2010
Jordania,8,2010
Kenia,14,2010
Koreańska Rep. Ludowa,518,2010
Republika Korei,635,2010
Kuwejt,2,2010
Kirgistan,58,2010
Liban,24,2010
Libia,9,2010
Chiny - Makau,9,2010
Malezja,24,2010
Mali,1,2010
Mauritius,1,2010
Meksyk,54,2010
Mongolia,136,2010
Mołdowa,675,2010
Czarnogóra,14,2010
Maroko,89,2010
Nepal,2110,2010
Nowa Zelandia,10,2010
Nikaragua,1,2010
Nigeria,114,2010
Pakistan,119,2010
Panama,2,2010
Paragwaj,14,2010
Peru,15,2010
Filipiny,349,2010
Okup. Teryt. Palestyny,10,2010
Rosja,491,2010
Senegal,25,2010
Serbia,203,2010
Singapur,12,2010
Wietnam,2245,2010
Rep. Południowej Afryki,29,2010
Zimbabwe,18,2010
Syria,102,2010
Tadżykistan,36,2010
Tajlandia,286,2010
Trynidad i Tobago,2,2010
Tunezja,156,2010
Turcja,1468,2010
Turkmenistan,1,2010
Ukraina,12894,2010
Macedonia,232,2010
Egipt,290,2010
Wielka Brytania,2,2010
Tanzania,5,2010
Stany Zjedn. Ameryki,442,2010
Burkina Faso,6,2010
Urugwaj,2,2010
Uzbekistan,434,2010
Wenezuela,5,2010
Bezpaństwowcy,9,2010
Afganistan,8,2011
Albania,16,2011
Algieria,23,2011
Angola,1,2011
Azerbejdżan,63,2011
Argentyna,23,2011
Australia,44,2011
Bangladesz,651,2011
Armenia,488,2011
Boliwia,5,2011
Bośnia i Hercegowina,98,2011
Brazylia,110,2011
Kosowo,24,2011
Brunei,1,2011
Myanmar,27,2011
Burundi,2,2011
Białoruś,1773,2011
Kamerun,35,2011
Kanada,80,2011
Sri Lanka,46,2011
Czad,1,2011
Chile,17,2011
Chiny (bez Tajwanu),5727,2011
Chiny - Prowincja Tajwan,30,2011
Kolumbia,24,2011
Komory,6,2011
Republika Konga,2,2011
Demokratyczna Republika Konga,3,2011
Kostaryka,6,2011
Chorwacja,71,2011
Kuba,20,2011
Benin,1,2011
Dominikana,13,2011
Ekwador,2,2011
Salwador,1,2011
Gwinea Równikowa,2,2011
Etiopia,12,2011
Erytrea,8,2011
Gruzja,176,2011
Gambia,5,2011
Niemcy,1,2011
Ghana,129,2011
Gwatemala,16,2011
Gwinea,6,2011
Honduras,1,2011
Chiny - Hongkong,25,2011
Węgry,1,2011
Indie,1094,2011
Indonezja,85,2011
Iran,15,2011
Irak,56,2011
Izrael,85,2011
Wybrzeże Kości Słoniowej,5,2011
Jamajka,2,2011
Japonia,280,2011
Kazachstan,29,2011
Jordania,9,2011
Kenia,12,2011
Koreańska Republika Ludowa - Północ,362,2011
Republika Korei - Południe,559,2011
Kuwejt,0,2011
Kirgizstan,26,2011
Liban,57,2011
Łotwa,1,2011
Libia,19,2011
Chiny - Makau,9,2011
Malezja,20,2011
Mali,3,2011
Mauritius,13,2011
Meksyk,61,2011
Mongolia,130,2011
Mołdowa,1063,2011
Czarnogóra,20,2011
Maroko,72,2011
Namibia,1,2011
Nepal,1021,2011
Nowa Zelandia,10,2011
Niger,1,2011
Nigeria,118,2011
Pakistan,206,2011
Panama,3,2011
Paragwaj,6,2011
Peru,10,2011
Filipiny,294,2011
Portugalia,1,2011
Okupowane Terytorium Palestyny,8,2011
Rosja,581,2011
Ruanda,3,2011
Senegal,29,2011
Serbia,172,2011
Singapur,4,2011
Wietnam,2564,2011
Somalia,2,2011
Republika Południowej Afryki,13,2011
Zimbabwe,7,2011
Sudan,4,2011
Syria,126,2011
Tadżykistan,98,2011
Tajlandia,290,2011
Tunezja,145,2011
Turcja,1267,2011
Turkmenistan,2,2011
Uganda,1,2011
Ukraina,19820,2011
Macedonia,52,2011
Egipt,309,2011
Wielka Brytania,2,2011
Tanzania,8,2011
Stany Zjednoczone Ameryki,519,2011
Burkina Faso,2,2011
Urugwaj,4,2011
Uzbekistan,643,2011
Wenezuela,6,2011
Zambia,1,2011
Bezpaństwowcy,4,2011
Algieria,1,2011
Azerbejdżan,2,2011
Argentyna,10,2011
Australia,2,2011
Bangladesz,68,2011
Armenia,17,2011
Bośnia i Hercegowina,42,2011
Brazylia,6,2011
Kosowo,2,2011
Białoruś,45,2011
Kamerun,3,2011
Kanada,0,2011
Chile,1,2011
Chiny (bez Tajwanu),89,2011
Chiny - Prowincja Tajwan,9,2011
Kolumbia,0,2011
Kostaryka,3,2011
Chorwacja,4,2011
Kuba,3,2011
Gruzja,1,2011
Niemcy,1,2011
Gwinea,3,2011
Chiny - Hongkong,1,2011
Indie,97,2011
Indonezja,11,2011
Iran,1,2011
Izrael,3,2011
Wybrzeże Kości Słoniowej,3,2011
Japonia,67,2011
Republika Korei - Południe,256,2011
Kirgizstan,1,2011
Liban,1,2011
Łotwa,1,2011
Malezja,1,2011
Meksyk,15,2011
Mongolia,20,2011
Mołdowa,54,2011
Czarnogóra,3,2011
Maroko,3,2011
Nepal,127,2011
Nowa Zelandia,1,2011
Nigeria,6,2011
Peru,1,2011
Filipiny,17,2011
Portugalia,1,2011
Okupowane Terytorium Palestyny,5,2011
Rosja,27,2011
Senegal,1,2011
Serbia,8,2011
Wietnam,40,2011
Zimbabwe,1,2011
Syria,6,2011
Tajlandia,11,2011
Tunezja,4,2011
Turcja,29,2011
Ukraina,842,2011
Macedonia,3,2011
Egipt,7,2011
Stany Zjednoczone Ameryki,43,2011
Uzbekistan,1,2011
Wenezuela,2,2011
Bezpaństwowcy,1,2011
Albania,1,2011
Algieria,1,2011
Azerbejdżan,2,2011
Bangladesz,1,2011
Armenia,10,2011
Boliwia,2,2011
Bośnia i Hercegowina,1,2011
Białoruś,17,2011
Kanada,2,2011
Chile,1,2011
Chiny (bez Tajwanu),64,2011
Gruzja,1,2011
Ghana,1,2011
Indie,12,2011
Japonia,43,2011
Kenia,6,2011
Koreańska Republika Ludowa - Północ,0,2011
Republika Korei - Południe,0,2011
Liban,1,2011
Libia,1,2011
Mongolia,6,2011
Mołdowa,3,2011
Czarnogóra,1,2011
Maroko,2,2011
Nepal,25,2011
Nigeria,23,2011
Pakistan,0,2011
Filipiny,2,2011
Rosja,5,2011
Senegal,10,2011
Serbia,45,2011
Wietnam,28,2011
Syria,2,2011
Tajlandia,6,2011
Tunezja,1,2011
Turcja,5,2011
Ukraina,224,2011
Egipt,9,2011
Stany Zjednoczone Ameryki,10,2011
Burkina Faso,1,2011
Uzbekistan,1,2011
Albania,1,2011
Algieria,1,2011
Azerbejdżan,10,2011
Argentyna,1,2011
Australia,2,2011
Armenia,17,2011
Brazylia,7,2011
Białoruś,224,2011
Chiny (bez Tajwanu),28,2011
Etiopia,1,2011
Gruzja,8,2011
Ghana,3,2011
Indie,1,2011
Irak,2,2011
Izrael,2,2011
Japonia,6,2011
Jordania,2,2011
Kenia,1,2011
Republika Korei - Południe,4,2011
Meksyk,1,2011
Mongolia,4,2011
Mołdowa,1,2011
Maroko,1,2011
Nepal,9,2011
Nigeria,1,2011
Pakistan,4,2011
Filipiny,1,2011
Rosja,16,2011
Serbia,1,2011
Wietnam,5,2011
Syria,6,2011
Tajlandia,2,2011
Tunezja,4,2011
Turcja,5,2011
Ukraina,496,2011
Macedonia,2,2011
Egipt,3,2011
Stany Zjednoczone Ameryki,3,2011
Burkina Faso,1,2011
Albania,1,2011
Angola,1,2011
Argentyna,1,2011
Bangladesz,81,2011
Armenia,4,2011
Boliwia,2,2011
Brazylia,4,2011
Białoruś,37,2011
Sri Lanka,10,2011
Chiny (bez Tajwanu),102,2011
Chiny - Prowincja Tajwan,6,2011
Chorwacja,2,2011
Gruzja,7,2011
Gambia,1,2011
Gwinea,1,2011
Chiny - Hongkong,1,2011
Indie,18,2011
Indonezja,10,2011
Iran,2,2011
Izrael,3,2011
Japonia,6,2011
Kazachstan,1,2011
Mołdowa,32,2011
Czarnogóra,1,2011
Nepal,127,2011
Nigeria,1,2011
Pakistan,1,2011
Filipiny,43,2011
Rosja,9,2011
Serbia,2,2011
Wietnam,19,2011
Republika Południowej Afryki,1,2011
Tajlandia,5,2011
Turcja,117,2011
Ukraina,813,2011
Macedonia,2,2011
Egipt,3,2011
Stany Zjednoczone Ameryki,10,2011
Azerbejdżan,1,2011
Bangladesz,1,2011
Armenia,41,2011
Bośnia i Hercegowina,13,2011
Brazylia,22,2011
Białoruś,55,2011
Kamerun,2,2011
Kanada,2,2011
Chiny (bez Tajwanu),115,2011
Chiny - Prowincja Tajwan,4,2011
Chorwacja,7,2011
Kuba,2,2011
Dominikana,1,2011
Erytrea,5,2011
Gruzja,7,2011
Indie,33,2011
Indonezja,4,2011
Iran,1,2011
Irak,7,2011
Izrael,3,2011
Japonia,2,2011
Kazachstan,1,2011
Jordania,2,2011
Republika Korei - Południe,11,2011
Liban,2,2011
Chiny - Makau,2,2011
Malezja,0,2011
Meksyk,13,2011
Mongolia,5,2011
Mołdowa,9,2011
Czarnogóra,4,2011
Maroko,5,2011
Nepal,25,2011
Nigeria,7,2011
Pakistan,11,2011
Filipiny,9,2011
Rosja,13,2011
Serbia,5,2011
Wietnam,44,2011
Republika Południowej Afryki,0,2011
Syria,5,2011
Tajlandia,5,2011
Tunezja,16,2011
Turcja,51,2011
Ukraina,245,2011
Egipt,3,2011
Stany Zjednoczone Ameryki,12,2011
Uzbekistan,15,2011
Wenezuela,1,2011
Afganistan,0,2011
Azerbejdżan,4,2011
Argentyna,4,2011
Australia,10,2011
Bangladesz,20,2011
Armenia,34,2011
Bośnia i Hercegowina,7,2011
Brazylia,13,2011
Burundi,2,2011
Białoruś,31,2011
Kamerun,1,2011
Kanada,13,2011
Sri Lanka,3,2011
Chile,1,2011
Chiny (bez Tajwanu),71,2011
Kolumbia,2,2011
Kostaryka,1,2011
Chorwacja,6,2011
Ekwador,1,2011
Gruzja,35,2011
Gwatemala,11,2011
Honduras,1,2011
Indie,96,2011
Indonezja,11,2011
Iran,0,2011
Irak,2,2011
Izrael,9,2011
Japonia,15,2011
Kazachstan,6,2011
Koreańska Republika Ludowa - Północ,100,2011
Republika Korei - Południe,5,2011
Kirgizstan,0,2011
Liban,2,2011
Libia,1,2011
Chiny - Makau,1,2011
Mauritius,8,2011
Meksyk,8,2011
Mongolia,8,2011
Mołdowa,40,2011
Czarnogóra,2,2011
Nepal,40,2011
Nowa Zelandia,3,2011
Nigeria,3,2011
Pakistan,1,2011
Paragwaj,1,2011
Peru,1,2011
Filipiny,23,2011
Rosja,30,2011
Ruanda,1,2011
Senegal,6,2011
Serbia,21,2011
Singapur,1,2011
Wietnam,116,2011
Syria,2,2011
Tajlandia,17,2011
Tunezja,8,2011
Turcja,146,2011
Ukraina,1016,2011
Macedonia,7,2011
Egipt,4,2011
Wielka Brytania,2,2011
Stany Zjednoczone Ameryki,74,2011
Urugwaj,3,2011
Uzbekistan,40,2011
Afganistan,4,2011
Albania,4,2011
Algieria,7,2011
Azerbejdżan,41,2011
Argentyna,6,2011
Australia,23,2011
Bangladesz,276,2011
Armenia,225,2011
Boliwia,1,2011
Bośnia i Hercegowina,15,2011
Brazylia,13,2011
Kosowo,1,2011
Brunei,1,2011
Myanmar,27,2011
Białoruś,1030,2011
Kamerun,17,2011
Kanada,52,2011
Sri Lanka,28,2011
Chile,4,2011
Chiny (bez Tajwanu),3718,2011
Chiny - Prowincja Tajwan,7,2011
Kolumbia,14,2011
Komory,5,2011
Republika Konga,2,2011
Demokratyczna Republika Konga,3,2011
Kostaryka,1,2011
Chorwacja,28,2011
Kuba,7,2011
Benin,1,2011
Dominikana,11,2011
Etiopia,10,2011
Erytrea,3,2011
Gruzja,85,2011
Gambia,4,2011
Ghana,4,2011
Gwatemala,4,2011
Gwinea,1,2011
Chiny - Hongkong,4,2011
Węgry,1,2011
Indie,599,2011
Indonezja,34,2011
Iran,9,2011
Irak,40,2011
Izrael,55,2011
Wybrzeże Kości Słoniowej,1,2011
Jamajka,2,2011
Japonia,88,2011
Kazachstan,16,2011
Jordania,4,2011
Kenia,1,2011
Koreańska Republika Ludowa - Północ,100,2011
Republika Korei - Południe,135,2011
Kirgizstan,8,2011
Liban,49,2011
Libia,12,2011
Chiny - Makau,4,2011
Malezja,13,2011
Mauritius,5,2011
Meksyk,18,2011
Mongolia,54,2011
Mołdowa,470,2011
Czarnogóra,4,2011
Maroko,37,2011
Namibia,1,2011
Nepal,457,2011
Nowa Zelandia,5,2011
Niger,1,2011
Nigeria,36,2011
Pakistan,157,2011
Panama,1,2011
Peru,7,2011
Filipiny,131,2011
Okupowane Terytorium Palestyny,2,2011
Rosja,300,2011
Ruanda,2,2011
Senegal,4,2011
Serbia,29,2011
Singapur,2,2011
Wietnam,2183,2011
Somalia,2,2011
Republika Południowej Afryki,6,2011
Zimbabwe,1,2011
Sudan,3,2011
Syria,80,2011
Tadżykistan,96,2011
Tajlandia,128,2011
Tunezja,76,2011
Turcja,436,2011
Ukraina,11447,2011
Macedonia,11,2011
Egipt,227,2011
Tanzania,7,2011
Stany Zjednoczone Ameryki,246,2011
Urugwaj,1,2011
Uzbekistan,305,2011
Wenezuela,2,2011
Zambia,1,2011
Bezpaństwowcy,1,2011
Afganistan,2,2011
Armenia,2,2011
Bośnia i Hercegowina,2,2011
Brazylia,1,2011
Białoruś,3,2011
Kamerun,0,2011
Kanada,1,2011
Chiny (bez Tajwanu),2,2011
Kostaryka,1,2011
Gruzja,2,2011
Ghana,117,2011
Gwinea,1,2011
Indie,2,2011
Koreańska Republika Ludowa - Północ,1,2011
Republika Korei - Południe,30,2011
Mongolia,1,2011
Mołdowa,75,2011
Czarnogóra,1,2011
Nepal,1,2011
Nigeria,5,2011
Pakistan,1,2011
Rosja,1,2011
Senegal,0,2011
Serbia,13,2011
Wietnam,1,2011
Republika Południowej Afryki,1,2011
Zimbabwe,2,2011
Syria,1,2011
Tunezja,1,2011
Turcja,8,2011
Ukraina,672,2011
Egipt,3,2011
Stany Zjednoczone Ameryki,3,2011
Uzbekistan,46,2011
Azerbejdżan,1,2011
Australia,1,2011
Bangladesz,53,2011
Armenia,4,2011
Brazylia,1,2011
Białoruś,15,2011
Kanada,3,2011
Chiny (bez Tajwanu),8,2011
Kolumbia,1,2011
Kuba,4,2011
Gruzja,3,2011
Ghana,2,2011
Chiny - Hongkong,16,2011
Indie,2,2011
Iran,0,2011
Jordania,1,2011
Koreańska Republika Ludowa - Północ,1,2011
Mongolia,1,2011
Mołdowa,5,2011
Czarnogóra,1,2011
Nepal,70,2011
Pakistan,1,2011
Filipiny,1,2011
Rosja,5,2011
Serbia,2,2011
Wietnam,7,2011
Republika Południowej Afryki,2,2011
Syria,1,2011
Tunezja,2,2011
Turcja,38,2011
Ukraina,258,2011
Stany Zjednoczone Ameryki,19,2011
Uzbekistan,1,2011
Albania,3,2011
Australia,1,2011
Armenia,5,2011
Brazylia,4,2011
Białoruś,160,2011
Kamerun,4,2011
Kanada,2,2011
Chile,2,2011
Chiny (bez Tajwanu),5,2011
Kolumbia,2,2011
Gruzja,2,2011
Indie,1,2011
Izrael,1,2011
Japonia,0,2011
Kazachstan,0,2011
Libia,1,2011
Mongolia,2,2011
Mołdowa,1,2011
Czarnogóra,1,2011
Nepal,4,2011
Filipiny,2,2011
Rosja,19,2011
Serbia,1,2011
Wietnam,1,2011
Tajlandia,1,2011
Tunezja,1,2011
Turcja,2,2011
Ukraina,79,2011
Macedonia,1,2011
Uzbekistan,1,2011
Afganistan,1,2011
Albania,1,2011
Algieria,5,2011
Azerbejdżan,1,2011
Bangladesz,2,2011
Armenia,28,2011
Bośnia i Hercegowina,1,2011
Brazylia,5,2011
Kosowo,3,2011
Białoruś,28,2011
Kanada,1,2011
Sri Lanka,1,2011
Czad,1,2011
Chiny (bez Tajwanu),318,2011
Kolumbia,2,2011
Chorwacja,5,2011
Ekwador,1,2011
Etiopia,1,2011
Gruzja,9,2011
Ghana,2,2011
Indie,68,2011
Indonezja,4,2011
Izrael,1,2011
Wybrzeże Kości Słoniowej,1,2011
Japonia,7,2011
Kazachstan,2,2011
Jordania,0,2011
Kenia,2,2011
Koreańska Republika Ludowa - Północ,57,2011
Republika Korei - Południe,1,2011
Kirgizstan,7,2011
Malezja,4,2011
Meksyk,1,2011
Mongolia,9,2011
Mołdowa,57,2011
Czarnogóra,1,2011
Maroko,7,2011
Nepal,18,2011
Nigeria,3,2011
Pakistan,14,2011
Paragwaj,1,2011
Filipiny,12,2011
Rosja,52,2011
Serbia,18,2011
Singapur,1,2011
Wietnam,7,2011
Republika Południowej Afryki,1,2011
Syria,1,2011
Tajlandia,50,2011
Tunezja,6,2011
Turcja,57,2011
Ukraina,1092,2011
Egipt,11,2011
Stany Zjednoczone Ameryki,39,2011
Uzbekistan,203,2011
Bezpaństwowcy,1,2011
Algieria,5,2011
Azerbejdżan,1,2011
Australia,2,2011
Bangladesz,109,2011
Armenia,53,2011
Boliwia,0,2011
Bośnia i Hercegowina,0,2011
Brazylia,22,2011
Kosowo,18,2011
Białoruś,19,2011
Kamerun,2,2011
Kanada,1,2011
Sri Lanka,3,2011
Chile,4,2011
Chiny (bez Tajwanu),519,2011
Kolumbia,0,2011
Chorwacja,8,2011
Kuba,3,2011
Gwinea Równikowa,2,2011
Indie,105,2011
Indonezja,3,2011
Irak,4,2011
Izrael,3,2011
Jamajka,0,2011
Japonia,19,2011
Kazachstan,2,2011
Kenia,2,2011
Republika Korei - Południe,58,2011
Kirgizstan,1,2011
Meksyk,0,2011
Mongolia,11,2011
Mołdowa,34,2011
Czarnogóra,1,2011
Maroko,7,2011
Nepal,6,2011
Nigeria,2,2011
Pakistan,8,2011
Filipiny,8,2011
Rosja,27,2011
Senegal,3,2011
Serbia,7,2011
Wietnam,87,2011
Republika Południowej Afryki,1,2011
Zimbabwe,3,2011
Sudan,1,2011
Syria,7,2011
Tajlandia,26,2011
Tunezja,15,2011
Turcja,211,2011
Turkmenistan,1,2011
Uganda,1,2011
Ukraina,672,2011
Egipt,17,2011
Stany Zjednoczone Ameryki,28,2011
Uzbekistan,1,2011
Bangladesz,15,2011
Armenia,7,2011
Bośnia i Hercegowina,3,2011
Brazylia,1,2011
Białoruś,9,2011
Kanada,3,2011
Chile,1,2011
Chiny (bez Tajwanu),43,2011
Kolumbia,0,2011
Chorwacja,2,2011
Gruzja,1,2011
Gwatemala,1,2011
Indie,1,2011
Japonia,4,2011
Republika Korei - Południe,4,2011
Mongolia,1,2011
Nigeria,2,2011
Pakistan,0,2011
Filipiny,6,2011
Rosja,1,2011
Senegal,4,2011
Serbia,4,2011
Wietnam,4,2011
Syria,2,2011
Tajlandia,0,2011
Tunezja,4,2011
Turcja,6,2011
Ukraina,342,2011
Egipt,5,2011
Stany Zjednoczone Ameryki,4,2011
Algieria,1,2011
Argentyna,1,2011
Australia,1,2011
Armenia,10,2011
Bośnia i Hercegowina,8,2011
Białoruś,11,2011
Kanada,0,2011
Chiny (bez Tajwanu),144,2011
Indie,4,2011
Koreańska Republika Ludowa - Północ,44,2011
Republika Korei - Południe,4,2011
Kirgizstan,2,2011
Liban,1,2011
Mongolia,5,2011
Mołdowa,1,2011
Maroko,8,2011
Nigeria,9,2011
Rosja,28,2011
Serbia,1,2011
Wietnam,0,2011
Tunezja,1,2011
Turcja,1,2011
Ukraina,71,2011
Egipt,6,2011
Afganistan,1,2011
Albania,5,2011
Algieria,1,2011
Australia,1,2011
Bangladesz,13,2011
Armenia,13,2011
Bośnia i Hercegowina,4,2011
Brazylia,5,2011
Białoruś,68,2011
Kamerun,5,2011
Sri Lanka,1,2011
Chile,3,2011
Chiny (bez Tajwanu),402,2011
Chiny - Prowincja Tajwan,4,2011
Kolumbia,3,2011
Komory,1,2011
Chorwacja,8,2011
Kuba,0,2011
Salwador,1,2011
Gruzja,14,2011
Indie,44,2011
Indonezja,6,2011
Iran,2,2011
Irak,1,2011
Izrael,5,2011
Japonia,5,2011
Koreańska Republika Ludowa - Północ,40,2011
Republika Korei - Południe,50,2011
Kirgizstan,5,2011
Liban,1,2011
Libia,1,2011
Chiny - Makau,2,2011
Malezja,1,2011
Mali,3,2011
Meksyk,3,2011
Mongolia,3,2011
Mołdowa,259,2011
Czarnogóra,0,2011
Maroko,2,2011
Nepal,62,2011
Nigeria,5,2011
Pakistan,8,2011
Panama,2,2011
Paragwaj,4,2011
Peru,1,2011
Filipiny,39,2011
Okupowane Terytorium Palestyny,1,2011
Rosja,34,2011
Senegal,1,2011
Serbia,13,2011
Wietnam,12,2011
Republika Południowej Afryki,1,2011
Syria,9,2011
Tadżykistan,1,2011
Tajlandia,14,2011
Tunezja,3,2011
Turcja,115,2011
Turkmenistan,1,2011
Ukraina,1133,2011
Macedonia,26,2011
Egipt,8,2011
Tanzania,1,2011
Stany Zjednoczone Ameryki,19,2011
Uzbekistan,27,2011
Wenezuela,0,2011
Algieria,1,2011
Australia,1,2011
Bangladesz,12,2011
Armenia,18,2011
Bośnia i Hercegowina,2,2011
Brazylia,6,2011
Białoruś,21,2011
Kamerun,1,2011
Chiny (bez Tajwanu),99,2011
Chorwacja,1,2011
Kuba,1,2011
Dominikana,1,2011
Gruzja,1,2011
Chiny - Hongkong,3,2011
Indie,11,2011
Indonezja,2,2011
Japonia,18,2011
Kazachstan,1,2011
Koreańska Republika Ludowa - Północ,19,2011
Republika Korei - Południe,1,2011
Kuwejt,0,2011
Kirgizstan,2,2011
Libia,3,2011
Malezja,1,2011
Meksyk,2,2011
Mołdowa,22,2011
Nepal,50,2011
Nowa Zelandia,1,2011
Nigeria,15,2011
Pakistan,0,2011
Rosja,14,2011
Serbia,2,2011
Wietnam,10,2011
Syria,4,2011
Tadżykistan,1,2011
Tajlandia,25,2011
Tunezja,3,2011
Turcja,40,2011
Ukraina,418,2011
Egipt,3,2011
Stany Zjednoczone Ameryki,9,2011
Uzbekistan,2,2011
Wenezuela,1,2011
Bezpaństwowcy,1,2011
Afganistan,19,2012
Albania,24,2012
Algieria,26,2012
Angola,2,2012
Azerbejdżan,86,2012
Argentyna,29,2012
Australia,40,2012
Bangladesz,293,2012
Armenia,499,2012
Boliwia,6,2012
Bośnia i Hercegowina,48,2012
Brazylia,117,2012
Belize,2,2012
Kosowo,29,2012
Brunei,0,2012
Myanmar,13,2012
Burundi,0,2012
Białoruś,2049,2012
Kambodża,3,2012
Kamerun,33,2012
Kanada,105,2012
Sri Lanka,46,2012
Chile,12,2012
Chiny (bez Tajwanu),3313,2012
Chiny - Prowincja Tajwan,27,2012
Kolumbia,31,2012
Komory,8,2012
Republika Konga,4,2012
Demokratyczna Republika Konga,1,2012
Kostaryka,3,2012
Chorwacja,376,2012
Kuba,31,2012
Dominikana,9,2012
Ekwador,3,2012
Gwinea Równikowa,3,2012
Etiopia,13,2012
Erytrea,0,2012
Gruzja,197,2012
Gambia,4,2012
Ghana,18,2012
Gwatemala,5,2012
Gwinea,11,2012
Honduras,2,2012
Chiny - Hongkong,12,2012
Indie,1148,2012
Indonezja,92,2012
Iran,29,2012
Irak,28,2012
Izrael,84,2012
Wybrzeże Kości Słoniowej,3,2012
Jamajka,1,2012
Japonia,321,2012
Kazachstan,110,2012
Jordania,17,2012
Kenia,18,2012
Koreańska Republika Ludowa - Północ,501,2012
Republika Korei - Południe,551,2012
Kuwejt,1,2012
Kirgizstan,39,2012
Liban,62,2012
Libia,14,2012
Litwa,1,2012
Chiny - Makau,16,2012
Malezja,22,2012
Mauritius,2,2012
Meksyk,107,2012
Mongolia,124,2012
Mołdowa,636,2012
Czarnogóra,25,2012
Maroko,55,2012
Oman,1,2012
Nepal,509,2012
Nowa Zelandia,12,2012
Nigeria,81,2012
Pakistan,401,2012
Panama,1,2012
Paragwaj,7,2012
Peru,17,2012
Filipiny,186,2012
Okupowane Terytorium Palestyny,17,2012
Rosja,773,2012
Ruanda,3,2012
Arabia Saudyjska,3,2012
Senegal,34,2012
Serbia,200,2012
Sierra Leone,1,2012
Singapur,14,2012
Wietnam,2332,2012
Republika Południowej Afryki,21,2012
Zimbabwe,12,2012
Sudan,2,2012
Syria,139,2012
Tadżykistan,54,2012
Tajlandia,280,2012
Trynidad i Tobago,3,2012
Tunezja,153,2012
Turcja,1129,2012
Turkmenistan,3,2012
Uganda,2,2012
Ukraina,21750,2012
Macedonia,37,2012
Egipt,272,2012
Tanzania,4,2012
Stany Zjednoczone Ameryki,497,2012
Burkina Faso,0,2012
Urugwaj,0,2012
Uzbekistan,1087,2012
Wenezuela,9,2012
Samoa Zachodnie,1,2012
Jemen,1,2012
Zambia,2,2012
Bezpaństwowcy,10,2012
Afganistan,1,2012
Albania,2,2012
Algieria,1,2012
Azerbejdżan,2,2012
Argentyna,7,2012
Australia,5,2012
Bangladesz,33,2012
Armenia,13,2012
Bośnia i Hercegowina,2,2012
Brazylia,8,2012
Białoruś,43,2012
Kamerun,4,2012
Kanada,4,2012
Chile,3,2012
Chiny (bez Tajwanu),71,2012
Chiny - Prowincja Tajwan,5,2012
Kolumbia,1,2012
Kostaryka,1,2012
Chorwacja,2,2012
Kuba,2,2012
Gruzja,1,2012
Ghana,1,2012
Gwinea,2,2012
Honduras,1,2012
Chiny - Hongkong,2,2012
Indie,50,2012
Indonezja,32,2012
Iran,1,2012
Izrael,2,2012
Japonia,105,2012
Kazachstan,6,2012
Jordania,1,2012
Republika Korei - Południe,188,2012
Liban,3,2012
Meksyk,40,2012
Mongolia,8,2012
Mołdowa,14,2012
Czarnogóra,0,2012
Maroko,12,2012
Nepal,119,2012
Nigeria,1,2012
Pakistan,7,2012
Filipiny,9,2012
Okupowane Terytorium Palestyny,7,2012
Rosja,31,2012
Ruanda,1,2012
Senegal,2,2012
Serbia,7,2012
Wietnam,39,2012
Republika Południowej Afryki,1,2012
Syria,4,2012
Tajlandia,28,2012
Tunezja,5,2012
Turcja,29,2012
Ukraina,931,2012
Macedonia,3,2012
Egipt,4,2012
Stany Zjednoczone Ameryki,38,2012
Uzbekistan,2,2012
Bezpaństwowcy,1,2012
Azerbejdżan,2,2012
Australia,1,2012
Bangladesz,1,2012
Armenia,14,2012
Boliwia,2,2012
Brazylia,2,2012
Białoruś,13,2012
Kamerun,2,2012
Kanada,2,2012
Chiny (bez Tajwanu),36,2012
Chorwacja,1,2012
Kuba,1,2012
Gruzja,1,2012
Indie,21,2012
Indonezja,2,2012
Japonia,27,2012
Kazachstan,1,2012
Jordania,1,2012
Kenia,6,2012
Koreańska Republika Ludowa - Północ,3,2012
Republika Korei - Południe,1,2012
Libia,1,2012
Chiny - Makau,1,2012
Meksyk,1,2012
Mongolia,10,2012
Mołdowa,6,2012
Czarnogóra,1,2012
Maroko,2,2012
Nepal,35,2012
Nowa Zelandia,2,2012
Peru,1,2012
Filipiny,8,2012
Rosja,8,2012
Senegal,2,2012
Serbia,19,2012
Wietnam,14,2012
Syria,2,2012
Tajlandia,9,2012
Turcja,2,2012
Ukraina,287,2012
Macedonia,1,2012
Egipt,8,2012
Stany Zjednoczone Ameryki,12,2012
Burkina Faso,0,2012
Uzbekistan,3,2012
Algieria,2,2012
Azerbejdżan,8,2012
Australia,1,2012
Armenia,19,2012
Brazylia,8,2012
Białoruś,315,2012
Kambodża,1,2012
Kanada,1,2012
Chiny (bez Tajwanu),18,2012
Chorwacja,2,2012
Etiopia,0,2012
Gruzja,2,2012
Indie,11,2012
Irak,1,2012
Japonia,5,2012
Kazachstan,1,2012
Jordania,1,2012
Republika Korei - Południe,2,2012
Liban,3,2012
Mongolia,1,2012
Maroko,1,2012
Nepal,0,2012
Nigeria,2,2012
Pakistan,1,2012
Rosja,17,2012
Serbia,2,2012
Wietnam,13,2012
Syria,7,2012
Tajlandia,0,2012
Tunezja,1,2012
Turcja,3,2012
Uganda,1,2012
Ukraina,641,2012
Egipt,7,2012
Stany Zjednoczone Ameryki,1,2012
Argentyna,0,2012
Bangladesz,6,2012
Armenia,6,2012
Boliwia,1,2012
Brazylia,7,2012
Białoruś,42,2012
Kamerun,1,2012
Sri Lanka,10,2012
Chiny (bez Tajwanu),54,2012
Chiny - Prowincja Tajwan,1,2012
Gruzja,20,2012
Gwinea,1,2012
Indie,29,2012
Indonezja,3,2012
Iran,1,2012
Izrael,0,2012
Japonia,1,2012
Kazachstan,3,2012
Koreańska Republika Ludowa - Północ,4,2012
Mongolia,1,2012
Mołdowa,16,2012
Czarnogóra,2,2012
Maroko,1,2012
Nigeria,4,2012
Pakistan,0,2012
Filipiny,18,2012
Rosja,13,2012
Serbia,2,2012
Wietnam,15,2012
Tadżykistan,2,2012
Tajlandia,4,2012
Tunezja,1,2012
Turcja,91,2012
Turkmenistan,1,2012
Ukraina,876,2012
Egipt,0,2012
Stany Zjednoczone Ameryki,12,2012
Uzbekistan,15,2012
Albania,1,2012
Azerbejdżan,1,2012
Argentyna,2,2012
Bangladesz,11,2012
Armenia,40,2012
Brazylia,14,2012
Białoruś,39,2012
Kamerun,1,2012
Chiny (bez Tajwanu),56,2012
Chiny - Prowincja Tajwan,5,2012
Kolumbia,2,2012
Demokratyczna Republika Konga,1,2012
Chorwacja,268,2012
Kuba,1,2012
Gruzja,5,2012
Gwinea,4,2012
Indie,39,2012
Indonezja,2,2012
Iran,2,2012
Irak,2,2012
Izrael,2,2012
Japonia,4,2012
Kazachstan,1,2012
Jordania,1,2012
Koreańska Republika Ludowa - Północ,1,2012
Republika Korei - Południe,19,2012
Kirgizstan,3,2012
Liban,1,2012
Chiny - Makau,2,2012
Meksyk,7,2012
Mongolia,3,2012
Mołdowa,10,2012
Czarnogóra,7,2012
Maroko,4,2012
Nepal,12,2012
Nigeria,13,2012
Pakistan,8,2012
Filipiny,1,2012
Rosja,15,2012
Senegal,1,2012
Serbia,4,2012
Wietnam,54,2012
Republika Południowej Afryki,7,2012
Syria,11,2012
Tajlandia,16,2012
Tunezja,12,2012
Turcja,54,2012
Ukraina,279,2012
Egipt,12,2012
Stany Zjednoczone Ameryki,7,2012
Uzbekistan,42,2012
Wenezuela,1,2012
Afganistan,1,2012
Albania,1,2012
Algieria,1,2012
Azerbejdżan,3,2012
Argentyna,10,2012
Australia,4,2012
Bangladesz,4,2012
Armenia,29,2012
Bośnia i Hercegowina,8,2012
Brazylia,14,2012
Kosowo,3,2012
Burundi,0,2012
Białoruś,20,2012
Kamerun,5,2012
Kanada,13,2012
Sri Lanka,5,2012
Chile,1,2012
Chiny (bez Tajwanu),70,2012
Kolumbia,3,2012
Kostaryka,0,2012
Chorwacja,6,2012
Ekwador,2,2012
Gruzja,4,2012
Indie,93,2012
Indonezja,12,2012
Irak,1,2012
Izrael,1,2012
Wybrzeże Kości Słoniowej,1,2012
Japonia,17,2012
Kazachstan,9,2012
Kenia,2,2012
Koreańska Republika Ludowa - Północ,26,2012
Republika Korei - Południe,12,2012
Kirgizstan,1,2012
Libia,1,2012
Malezja,3,2012
Mauritius,0,2012
Meksyk,8,2012
Mongolia,13,2012
Mołdowa,22,2012
Czarnogóra,2,2012
Maroko,6,2012
Oman,1,2012
Nepal,14,2012
Nigeria,6,2012
Pakistan,11,2012
Panama,1,2012
Peru,5,2012
Filipiny,1,2012
Okupowane Terytorium Palestyny,2,2012
Rosja,42,2012
Ruanda,0,2012
Senegal,7,2012
Serbia,19,2012
Wietnam,93,2012
Republika Południowej Afryki,1,2012
Syria,1,2012
Tadżykistan,3,2012
Tajlandia,16,2012
Tunezja,5,2012
Turcja,129,2012
Turkmenistan,1,2012
Ukraina,1087,2012
Macedonia,2,2012
Egipt,13,2012
Stany Zjednoczone Ameryki,84,2012
Urugwaj,0,2012
Uzbekistan,122,2012
Wenezuela,1,2012
Afganistan,6,2012
Albania,8,2012
Algieria,15,2012
Angola,1,2012
Azerbejdżan,65,2012
Argentyna,4,2012
Australia,24,2012
Bangladesz,190,2012
Armenia,262,2012
Boliwia,3,2012
Bośnia i Hercegowina,30,2012
Brazylia,20,2012
Belize,2,2012
Kosowo,9,2012
Brunei,0,2012
Myanmar,13,2012
Białoruś,1168,2012
Kamerun,14,2012
Kanada,66,2012
Sri Lanka,30,2012
Chile,4,2012
Chiny (bez Tajwanu),2294,2012
Chiny - Prowincja Tajwan,9,2012
Kolumbia,17,2012
Komory,8,2012
Republika Konga,1,2012
Kostaryka,1,2012
Chorwacja,69,2012
Kuba,10,2012
Dominikana,8,2012
Ekwador,1,2012
Etiopia,13,2012
Erytrea,0,2012
Gruzja,117,2012
Gambia,3,2012
Ghana,8,2012
Gwatemala,3,2012
Gwinea,4,2012
Honduras,1,2012
Chiny - Hongkong,8,2012
Indie,728,2012
Indonezja,19,2012
Iran,19,2012
Irak,19,2012
Izrael,71,2012
Jamajka,1,2012
Japonia,87,2012
Kazachstan,46,2012
Jordania,11,2012
Kenia,5,2012
Koreańska Republika Ludowa - Północ,268,2012
Republika Korei - Południe,166,2012
Kuwejt,1,2012
Kirgizstan,19,2012
Liban,47,2012
Libia,8,2012
Litwa,1,2012
Chiny - Makau,12,2012
Malezja,15,2012
Mauritius,2,2012
Meksyk,30,2012
Mongolia,71,2012
Mołdowa,288,2012
Czarnogóra,11,2012
Maroko,21,2012
Nepal,258,2012
Nowa Zelandia,8,2012
Nigeria,24,2012
Pakistan,307,2012
Panama,0,2012
Paragwaj,2,2012
Peru,9,2012
Filipiny,114,2012
Okupowane Terytorium Palestyny,5,2012
Rosja,419,2012
Ruanda,2,2012
Arabia Saudyjska,2,2012
Senegal,9,2012
Serbia,98,2012
Sierra Leone,1,2012
Singapur,12,2012
Wietnam,1910,2012
Republika Południowej Afryki,6,2012
Zimbabwe,5,2012
Sudan,2,2012
Syria,96,2012
Tadżykistan,47,2012
Tajlandia,102,2012
Tunezja,92,2012
Turcja,506,2012
Ukraina,12854,2012
Macedonia,9,2012
Egipt,171,2012
Tanzania,3,2012
Stany Zjednoczone Ameryki,255,2012
Uzbekistan,468,2012
Wenezuela,5,2012
Jemen,1,2012
Zambia,2,2012
Bezpaństwowcy,5,2012
Afganistan,2,2012
Argentyna,2,2012
Brazylia,4,2012
Białoruś,11,2012
Kanada,1,2012
Chiny (bez Tajwanu),16,2012
Chorwacja,4,2012
Dominikana,1,2012
Gruzja,1,2012
Ghana,8,2012
Indie,3,2012
Jordania,0,2012
Koreańska Republika Ludowa - Północ,1,2012
Republika Korei - Południe,43,2012
Mołdowa,47,2012
Nigeria,8,2012
Rosja,5,2012
Senegal,5,2012
Serbia,18,2012
Wietnam,5,2012
Republika Południowej Afryki,0,2012
Zimbabwe,6,2012
Syria,1,2012
Tadżykistan,1,2012
Tajlandia,1,2012
Tunezja,1,2012
Turcja,8,2012
Uganda,1,2012
Ukraina,563,2012
Macedonia,4,2012
Stany Zjednoczone Ameryki,2,2012
Uzbekistan,12,2012
Azerbejdżan,1,2012
Australia,1,2012
Bangladesz,2,2012
Armenia,5,2012
Brazylia,4,2012
Białoruś,11,2012
Kanada,2,2012
Sri Lanka,1,2012
Chiny (bez Tajwanu),42,2012
Kolumbia,0,2012
Republika Konga,2,2012
Kuba,5,2012
Gruzja,1,2012
Chiny - Hongkong,0,2012
Jordania,2,2012
Kenia,1,2012
Republika Korei - Południe,1,2012
Malezja,1,2012
Mołdowa,4,2012
Maroko,1,2012
Nepal,0,2012
Filipiny,3,2012
Rosja,3,2012
Senegal,2,2012
Serbia,6,2012
Wietnam,10,2012
Republika Południowej Afryki,1,2012
Syria,1,2012
Tajlandia,1,2012
Turcja,28,2012
Turkmenistan,1,2012
Ukraina,370,2012
Egipt,1,2012
Stany Zjednoczone Ameryki,16,2012
Uzbekistan,4,2012
Wenezuela,1,2012
Albania,1,2012
Armenia,1,2012
Brazylia,1,2012
Białoruś,184,2012
Kanada,0,2012
Chile,1,2012
Chiny (bez Tajwanu),8,2012
Kolumbia,0,2012
Chorwacja,2,2012
Gruzja,1,2012
Izrael,1,2012
Japonia,2,2012
Libia,1,2012
Meksyk,2,2012
Mołdowa,2,2012
Czarnogóra,1,2012
Maroko,0,2012
Nepal,4,2012
Rosja,11,2012
Tajlandia,2,2012
Trynidad i Tobago,2,2012
Turcja,5,2012
Ukraina,73,2012
Macedonia,1,2012
Stany Zjednoczone Ameryki,1,2012
Afganistan,0,2012
Algieria,3,2012
Azerbejdżan,0,2012
Australia,2,2012
Bangladesz,14,2012
Armenia,26,2012
Brazylia,8,2012
Białoruś,23,2012
Kambodża,2,2012
Kamerun,2,2012
Kanada,0,2012
Chiny (bez Tajwanu),68,2012
Kolumbia,1,2012
Kostaryka,1,2012
Chorwacja,8,2012
Kuba,1,2012
Etiopia,0,2012
Gruzja,17,2012
Indie,33,2012
Indonezja,9,2012
Irak,1,2012
Izrael,1,2012
Wybrzeże Kości Słoniowej,1,2012
Japonia,3,2012
Kazachstan,32,2012
Kenia,3,2012
Koreańska Republika Ludowa - Północ,72,2012
Republika Korei - Południe,1,2012
Kirgizstan,8,2012
Meksyk,3,2012
Mongolia,7,2012
Mołdowa,31,2012
Maroko,1,2012
Nepal,4,2012
Nowa Zelandia,1,2012
Nigeria,3,2012
Pakistan,10,2012
Peru,1,2012
Filipiny,3,2012
Rosja,99,2012
Serbia,8,2012
Wietnam,59,2012
Syria,1,2012
Tadżykistan,1,2012
Tajlandia,33,2012
Tunezja,7,2012
Turcja,19,2012
Ukraina,846,2012
Egipt,5,2012
Stany Zjednoczone Ameryki,26,2012
Uzbekistan,371,2012
Samoa Zachodnie,1,2012
Algieria,2,2012
Azerbejdżan,1,2012
Australia,1,2012
Bangladesz,9,2012
Armenia,42,2012
Brazylia,14,2012
Kosowo,1,2012
Białoruś,40,2012
Kamerun,1,2012
Kanada,10,2012
Chile,1,2012
Chiny (bez Tajwanu),247,2012
Republika Konga,1,2012
Chorwacja,5,2012
Kuba,5,2012
Gwinea Równikowa,1,2012
Gruzja,8,2012
Ghana,1,2012
Gwatemala,1,2012
Indie,35,2012
Indonezja,2,2012
Iran,2,2012
Irak,4,2012
Izrael,3,2012
Japonia,33,2012
Kazachstan,3,2012
Kenia,1,2012
Koreańska Republika Ludowa - Północ,1,2012
Republika Korei - Południe,56,2012
Libia,1,2012
Malezja,1,2012
Meksyk,2,2012
Mongolia,9,2012
Mołdowa,24,2012
Czarnogóra,1,2012
Maroko,2,2012
Nepal,17,2012
Nigeria,3,2012
Pakistan,38,2012
Filipiny,2,2012
Okupowane Terytorium Palestyny,2,2012
Rosja,40,2012
Senegal,2,2012
Serbia,5,2012
Singapur,1,2012
Wietnam,58,2012
Republika Południowej Afryki,2,2012
Zimbabwe,1,2012
Syria,2,2012
Tajlandia,26,2012
Tunezja,17,2012
Turcja,106,2012
Uganda,0,2012
Ukraina,673,2012
Macedonia,1,2012
Egipt,11,2012
Stany Zjednoczone Ameryki,16,2012
Uzbekistan,16,2012
Bezpaństwowcy,2,2012
Angola,1,2012
Bangladesz,3,2012
Armenia,6,2012
Bośnia i Hercegowina,3,2012
Białoruś,4,2012
Kanada,1,2012
Chiny (bez Tajwanu),17,2012
Chorwacja,7,2012
Kuba,1,2012
Gruzja,1,2012
Gwatemala,1,2012
Indie,1,2012
Wybrzeże Kości Słoniowej,1,2012
Japonia,11,2012
Republika Korei - Południe,1,2012
Malezja,1,2012
Meksyk,1,2012
Mongolia,0,2012
Mołdowa,1,2012
Maroko,3,2012
Nigeria,2,2012
Pakistan,1,2012
Peru,1,2012
Filipiny,10,2012
Okupowane Terytorium Palestyny,1,2012
Rosja,1,2012
Senegal,3,2012
Wietnam,7,2012
Syria,3,2012
Tunezja,1,2012
Turcja,16,2012
Ukraina,249,2012
Egipt,17,2012
Stany Zjednoczone Ameryki,2,2012
Bezpaństwowcy,1,2012
Albania,1,2012
Algieria,1,2012
Argentyna,1,2012
Armenia,6,2012
Brazylia,1,2012
Kosowo,16,2012
Białoruś,18,2012
Chiny (bez Tajwanu),110,2012
Gruzja,1,2012
Indie,3,2012
Indonezja,1,2012
Izrael,1,2012
Japonia,1,2012
Kazachstan,1,2012
Koreańska Republika Ludowa - Północ,29,2012
Republika Korei - Południe,30,2012
Kirgizstan,0,2012
Liban,6,2012
Meksyk,1,2012
Mongolia,0,2012
Mołdowa,2,2012
Maroko,1,2012
Nigeria,1,2012
Pakistan,7,2012
Rosja,19,2012
Wietnam,2,2012
Tunezja,4,2012
Ukraina,119,2012
Egipt,6,2012
Uzbekistan,4,2012
Afganistan,9,2012
Albania,10,2012
Algieria,0,2012
Azerbejdżan,2,2012
Argentyna,1,2012
Australia,1,2012
Bangladesz,20,2012
Armenia,9,2012
Bośnia i Hercegowina,5,2012
Brazylia,4,2012
Białoruś,89,2012
Kanada,5,2012
Chile,2,2012
Chiny (bez Tajwanu),139,2012
Chiny - Prowincja Tajwan,7,2012
Kolumbia,6,2012
Chorwacja,1,2012
Kuba,3,2012
Gwinea Równikowa,1,2012
Gruzja,16,2012
Indie,87,2012
Indonezja,9,2012
Iran,3,2012
Izrael,2,2012
Japonia,6,2012
Kazachstan,5,2012
Koreańska Republika Ludowa - Północ,25,2012
Republika Korei - Południe,31,2012
Kirgizstan,8,2012
Liban,2,2012
Libia,2,2012
Chiny - Makau,1,2012
Meksyk,8,2012
Mongolia,1,2012
Mołdowa,156,2012
Nepal,42,2012
Nigeria,3,2012
Pakistan,11,2012
Paragwaj,5,2012
Filipiny,13,2012
Rosja,32,2012
Arabia Saudyjska,1,2012
Serbia,5,2012
Wietnam,40,2012
Republika Południowej Afryki,3,2012
Syria,6,2012
Tajlandia,9,2012
Tunezja,4,2012
Turcja,97,2012
Ukraina,1436,2012
Macedonia,16,2012
Egipt,10,2012
Tanzania,1,2012
Stany Zjednoczone Ameryki,15,2012
Uzbekistan,25,2012
Wenezuela,1,2012
Algieria,1,2012
Azerbejdżan,1,2012
Argentyna,2,2012
Armenia,21,2012
Brazylia,8,2012
Białoruś,29,2012
Kamerun,3,2012
Chiny (bez Tajwanu),67,2012
Kolumbia,1,2012
Chorwacja,1,2012
Kuba,2,2012
Gwinea Równikowa,1,2012
Gruzja,1,2012
Gambia,1,2012
Chiny - Hongkong,2,2012
Indie,15,2012
Indonezja,1,2012
Iran,1,2012
Japonia,19,2012
Kazachstan,2,2012
Koreańska Republika Ludowa - Północ,71,2012
Kirgizstan,0,2012
Malezja,1,2012
Meksyk,4,2012
Mołdowa,13,2012
Nepal,4,2012
Nowa Zelandia,1,2012
Nigeria,11,2012
Filipiny,4,2012
Rosja,18,2012
Senegal,1,2012
Serbia,7,2012
Singapur,1,2012
Wietnam,13,2012
Syria,4,2012
Tadżykistan,0,2012
Tajlandia,33,2012
Trynidad i Tobago,1,2012
Tunezja,3,2012
Turcja,36,2012
Ukraina,466,2012
Egipt,7,2012
Stany Zjednoczone Ameryki,10,2012
Uzbekistan,3,2012
Bezpaństwowcy,1,2012
Afganistan,16,2013
Albania,11,2013
Algieria,30,2013
Arabia Saudyjska,6,2013
Argentyna,31,2013
Armenia,503,2013
Australia,33,2013
Azerbejdżan,105,2013
Bangladesz,390,2013
Belize,1,2013
Bezpaństwowcy,39,2013
Białoruś,2061,2013
Boliwia,4,2013
Bośnia i Hercegowina,52,2013
Brazylia,159,2013
Burkina Faso,1,2013
Chile,8,2013
Chiny (bez Tajwanu),3149,2013
Chiny - Hongkong,8,2013
Chiny - Makau,11,2013
Chiny - Prowincja Tajwan,20,2013
Chorwacja,25,2013
Czad,1,2013
Czarnogóra,25,2013
Demokratyczna Republika Konga,4,2013
Dominikana,6,2013
Egipt,197,2013
Erytrea,2,2013
Etiopia,4,2013
Filipiny,260,2013
Gabon,1,2013
Gambia,3,2013
Ghana,14,2013
Gruzja,245,2013
Gwatemala,4,2013
Gwinea,7,2013
Gwinea Bissau,1,2013
Gwinea Równikowa,2,2013
Haiti,12,2013
Honduras,0,2013
Indie,1321,2013
Indonezja,98,2013
Irak,35,2013
Iran,35,2013
Irlandia,2,2013
Izrael,46,2013
Jamajka,1,2013
Japonia,289,2013
Jordania,23,2013
Kambodża,4,2013
Kamerun,34,2013
Kanada,106,2013
Katar,1,2013
Kazachstan,123,2013
Kenia,11,2013
Kirgizstan,68,2013
Kolumbia,29,2013
Komory,4,2013
Koreańska Republika Ludowa - Północ,365,2013
Kosowo,4,2013
Kostaryka,11,2013
Kuba,34,2013
Kuwejt,1,2013
Laos,1,2013
Liban,67,2013
Libia,10,2013
Macedonia,60,2013
Malawi,1,2013
Malezja,31,2013
Maroko,75,2013
Mauritius,9,2013
Meksyk,63,2013
Mongolia,72,2013
Mołdowa,726,2013
Myanmar,10,2013
Nepal,545,2013
Nigeria,75,2013
Nowa Zelandia,7,2013
Okupowane Terytorium Palestyny,27,2013
Pakistan,248,2013
Panama,3,2013
Paragwaj,4,2013
Peru,12,2013
Republika Konga,7,2013
Republika Korei - Południe,523,2013
Republika Południowej Afryki,43,2013
Rosja,864,2013
Ruanda,3,2013
Salwador,3,2013
Samoa Zachodnie,1,2013
Senegal,27,2013
Serbia,324,2013
Singapur,13,2013
Sri Lanka,44,2013
Stany Zjednoczone Ameryki,554,2013
Sudan,5,2013
Surinam,1,2013
Syria,150,2013
Szwecja,1,2013
Tadżykistan,60,2013
Tajlandia,308,2013
Tunezja,111,2013
Turcja,1010,2013
Turkmenistan,4,2013
Uganda,8,2013
Ukraina,21252,2013
Urugwaj,2,2013
Uzbekistan,976,2013
Wenezuela,13,2013
Wielka Brytania,1,2013
Wietnam,2355,2013
Wybrzeże Kości Słoniowej,7,2013
Zambia,3,2013
Zimbabwe,12,2013
Afganistan,24,2014
Albania,46,2014
Algieria,34,2014
Arabia Saudyjska,1,2014
Argentyna,40,2014
Armenia,359,2014
Australia,35,2014
Azerbejdżan,106,2014
Bahrajn,1,2014
Bangladesz,289,2014
Bezpaństwowcy,13,2014
Białoruś,1926,2014
Boliwia,2,2014
Bośnia i Hercegowina,65,2014
Brazylia,98,2014
Burkina Faso,2,2014
Chile,11,2014
Chiny (bez Tajwanu),2126,2014
Chiny - Hongkong,6,2014
Chiny - Makau,5,2014
Chiny - Prowincja Tajwan,9,2014
Chorwacja,0,2014
Czad,0,2014
Czarnogóra,24,2014
Demokratyczna Republika Konga,3,2014
Dominikana,3,2014
Dżibuti,1,2014
Egipt,173,2014
Ekwador,3,2014
Erytrea,2,2014
Etiopia,3,2014
Filipiny,240,2014
Gabon,0,2014
Gambia,1,2014
Ghana,13,2014
Gruzja,217,2014
Gwatemala,1,2014
Gwinea,9,2014
Gwinea Bissau,1,2014
Haiti,1,2014
Honduras,3,2014
Indie,1281,2014
Indonezja,102,2014
Irak,47,2014
Iran,35,2014
Izrael,60,2014
Jamajka,6,2014
Japonia,211,2014
Jemen,3,2014
Jordania,11,2014
Kamerun,35,2014
Kanada,152,2014
Kazachstan,126,2014
Kenia,15,2014
Kirgizstan,141,2014
Kolumbia,31,2014
Komory,3,2014
Koreańska Republika Ludowa - Północ,377,2014
Kosowo,43,2014
Kostaryka,8,2014
Kuba,30,2014
Kuwejt,1,2014
Liban,30,2014
Libia,10,2014
Macedonia,62,2014
Madagaskar,2,2014
Malezja,14,2014
Mali,1,2014
Maroko,67,2014
Mauretania,2,2014
Mauritius,3,2014
Meksyk,65,2014
Mongolia,66,2014
Mołdowa,1108,2014
Myanmar,5,2014
Nepal,422,2014
Nigeria,62,2014
Nikaragua,1,2014
Nowa Zelandia,5,2014
Okupowane Terytorium Palestyny,12,2014
Pakistan,290,2014
Panama,2,2014
Paragwaj,4,2014
Peru,16,2014
Republika Czeska,3,2014
Republika Konga,4,2014
Republika Korei - Południe,310,2014
Republika Południowej Afryki,18,2014
Republika Środkowo-Afrykańska,1,2014
Rosja,683,2014
Ruanda,4,2014
Salwador,1,2014
Senegal,19,2014
Serbia,630,2014
Sierra Leone,1,2014
Singapur,15,2014
Sri Lanka,16,2014
Stany Zjednoczone Ameryki,547,2014
Sudan,4,2014
Surinam,2,2014
Syria,103,2014
Tadżykistan,96,2014
Tajlandia,229,2014
Tanzania,1,2014
Togo,4,2014
Tunezja,115,2014
Turcja,723,2014
Turkmenistan,6,2014
Uganda,2,2014
Ukraina,28913,2014
Urugwaj,2,2014
Uzbekistan,1215,2014
Wenezuela,11,2014
Wietnam,2345,2014
Wybrzeże Kości Słoniowej,4,2014
Wyspy Heard i McDonald,1,2014
Zambia,1,2014
Zielony Przylądek,1,2014
Zimbabwe,10,2014
Zjednoczone Emiraty Arabskie,2,2014
Afganistan,21,2015
Albania,8,2015
Algieria,34,2015
Andora,0,2015
Arabia Saudyjska,6,2015
Argentyna,48,2015
Armenia,167,2015
Australia,38,2015
Azerbejdżan,121,2015
Bangladesz,636,2015
Belize,1,2015
Benin,1,2015
Bezpaństwowcy,5,2015
Bhutan,1,2015
Białoruś,2203,2015
Boliwia,1,2015
Bośnia i Hercegowina,52,2015
Brazylia,124,2015
Burkina Faso,1,2015
Chile,12,2015
Chiny (bez Tajwanu),1330,2015
Chiny - Hongkong,6,2015
Chiny - Makau,10,2015
Chiny - Prowincja Tajwan,12,2015
Chorwacja,1,2015
Czarnogóra,23,2015
Demokratyczna Republika Konga,3,2015
Dominikana,4,2015
Dżibuti,1,2015
Egipt,122,2015
Ekwador,1,2015
Erytrea,2,2015
Etiopia,1,2015
Filipiny,325,2015
Gambia,3,2015
Ghana,9,2015
Gruzja,98,2015
Gwatemala,2,2015
Gwinea,6,2015
Haiti,1,2015
Honduras,0,2015
Indie,1549,2015
Indonezja,80,2015
Irak,43,2015
Iran,35,2015
Izrael,75,2015
Jamajka,1,2015
Japonia,283,2015
Jemen,9,2015
Jordania,8,2015
Kambodża,3,2015
Kamerun,43,2015
Kanada,128,2015
Kazachstan,85,2015
Kenia,12,2015
Kirgizstan,38,2015
Kolumbia,26,2015
Komory,1,2015
Koreańska Republika Ludowa - Północ,466,2015
Kosowo,26,2015
Kostaryka,4,2015
Kuba,25,2015
Liban,25,2015
Libia,20,2015
Macedonia,82,2015
Madagaskar,2,2015
Malezja,15,2015
Mali,1,2015
Maroko,69,2015
Mauritius,10,2015
Meksyk,93,2015
Mongolia,49,2015
Mołdowa,1586,2015
Myanmar,6,2015
Namibia,1,2015
Nepal,732,2015
Niger,1,2015
Nigeria,44,2015
Nikaragua,1,2015
Nowa Zelandia,8,2015
Okupowane Terytorium Palestyny,9,2015
Oman,1,2015
Pakistan,214,2015
Peru,16,2015
Portugalia,1,2015
Republika Konga,6,2015
Republika Korei - Południe,159,2015
Republika Południowej Afryki,31,2015
Republika Środkowo-Afrykańska,2,2015
Rosja,595,2015
Ruanda,2,2015
Saint Lucia,1,2015
Saint Vincent i Grenadyny,1,2015
Senegal,11,2015
Serbia,708,2015
Sierra Leone,2,2015
Singapur,12,2015
Sri Lanka,42,2015
Stany Zjednoczone Ameryki,531,2015
Sudan,0,2015
Surinam,3,2015
Syria,72,2015
Słowacja,1,2015
Tadżykistan,69,2015
Tajlandia,233,2015
Tanzania,2,2015
Togo,1,2015
Trynidad i Tobago,2,2015
Tunezja,54,2015
Turcja,576,2015
Turkmenistan,6,2015
Uganda,4,2015
Ukraina,57384,2015
Urugwaj,1,2015
Uzbekistan,1512,2015
Wenezuela,12,2015
Wielka Brytania,1,2015
Wietnam,734,2015
Wybrzeże Kości Słoniowej,2,2015
Wyspy Heard i McDonald,1,2015
Wyspy South Georgia i Sou,1,2015
Zambia,2,2015
Zielony Przylądek,4,2015
Zimbabwe,2,2015
Łotwa,1,2015
Afganistan,25,2016
Albania,45,2016
Algieria,53,2016
Angola,3,2016
Arabia Saudyjska,8,2016
Argentyna,68,2016
Armenia,143,2016
Australia,37,2016
Azerbejdżan,220,2016
Bangladesz,803,2016
Benin,5,2016
Bezpaństwowcy,5,2016
Bhutan,1,2016
Białoruś,5218,2016
Boliwia,8,2016
Bośnia i Hercegowina,44,2016
Brazylia,257,2016
Chile,12,2016
Chiny (bez Tajwanu),1193,2016
Chiny - Hongkong,6,2016
Chiny - Makau,7,2016
Chiny - Prowincja Tajwan,18,2016
Czad,2,2016
Czarnogóra,30,2016
Demokratyczna Republika Konga,7,2016
Dominikana,2,2016
Egipt,145,2016
Ekwador,6,2016
Erytrea,1,2016
Etiopia,1,2016
Filipiny,416,2016
Finlandia,1,2016
Gabon,2,2016
Gambia,4,2016
Ghana,8,2016
Grenada,2,2016
Gruzja,149,2016
Gwatemala,3,2016
Gwinea,2,2016
Haiti,1,2016
Honduras,2,2016
Indie,1816,2016
Indonezja,113,2016
Irak,61,2016
Iran,83,2016
Izrael,48,2016
Jamajka,3,2016
Japonia,255,2016
Jemen,10,2016
Jordania,14,2016
Kambodża,2,2016
Kamerun,42,2016
Kanada,157,2016
Kazachstan,121,2016
Kenia,52,2016
Kirgizstan,20,2016
Kolumbia,28,2016
Koreańska Republika Ludowa - Północ,420,2016
Kosowo,106,2016
Kostaryka,11,2016
Kuba,29,2016
Kuwejt,4,2016
Laos,6,2016
Liban,20,2016
Libia,9,2016
Macedonia,49,2016
Malezja,29,2016
Mali,2,2016
Maroko,96,2016
Mauritius,8,2016
Meksyk,86,2016
Mongolia,46,2016
Mołdowa,2861,2016
Myanmar,2,2016
Namibia,0,2016
Nepal,1385,2016
Niger,1,2016
Nigeria,54,2016
Nikaragua,1,2016
Nowa Zelandia,10,2016
Okupowane Terytorium Palestyny,4,2016
Pakistan,231,2016
Panama,3,2016
Paragwaj,1,2016
Peru,11,2016
Republika Konga,17,2016
Republika Korei - Południe,167,2016
Republika Południowej Afryki,37,2016
Republika Środkowo-Afrykańska,1,2016
Rosja,1129,2016
Ruanda,2,2016
Saint Kitts i Nevis,0,2016
Saint Vincent i Grenadyny,1,2016
Salwador,3,2016
Senegal,9,2016
Serbia,774,2016
Sierra Leone,0,2016
Singapur,7,2016
Sri Lanka,42,2016
Stany Zjednoczone Ameryki,414,2016
Sudan,2,2016
Surinam,7,2016
Syria,53,2016
Szwajcaria,1,2016
Tadżykistan,99,2016
Tajlandia,285,2016
Tanzania,2,2016
Togo,4,2016
Trynidad i Tobago,2,2016
Tunezja,85,2016
Turcja,715,2016
Turkmenistan,6,2016
Uganda,2,2016
Ukraina,116522,2016
Urugwaj,2,2016
Uzbekistan,921,2016
Wenezuela,34,2016
Wietnam,468,2016
Wybrzeże Kości Słoniowej,20,2016
Wyspy Heard i McDonald,0,2016
Zambia,1,2016
Zimbabwe,11,2016
Zjednoczone Emiraty Arabskie,1,2016
Afganistan,37,2017
Albania,73,2017
Algieria,78,2017
Andora,0,2017
Angola,5,2017
Arabia Saudyjska,5,2017
Argentyna,56,2017
Armenia,219,2017
Australia,37,2017
Azerbejdżan,1588,2017
Bahamy,1,2017
Bahrajn,1,2017
Bangladesz,3397,2017
Benin,3,2017
Białoruś,11813,2017
Boliwia,1,2017
Bośnia i Hercegowina,204,2017
Brazylia,381,2017
Bułgaria,1,2017
Burundi,1,2017
Chile,15,2017
Chiny,1242,2017
Czad,1,2017
Czarnogóra,27,2017
Demokratyczna Republika Konga,6,2017
Dominikana,8,2017
Egipt,198,2017
Ekwador,3,2017
Etiopia,51,2017
Filipiny,750,2017
Gabon,1,2017
Gambia,1,2017
Ghana,25,2017
Grenada,0,2017
Gruzja,619,2017
Gwatemala,4,2017
Gwinea,5,2017
Gwinea Równikowa,2,2017
Haiti,3,2017
Honduras,1,2017
Indie,4604,2017
Indonezja,151,2017
Irak,125,2017
Iran,179,2017
Izrael,42,2017
Jamajka,3,2017
Japonia,183,2017
Jemen,24,2017
Jordania,45,2017
Kambodża,6,2017
Kamerun,34,2017
Kanada,120,2017
Kazachstan,350,2017
Kenia,15,2017
Kirgistan,119,2017
Kolumbia,58,2017
Komory,3,2017
Kongo,10,2017
Korea Południowa,215,2017
Korea Północna,99,2017
Kosowo,735,2017
Kostaryka,13,2017
Kuba,23,2017
Kuwejt,3,2017
Lesotho,1,2017
Liban,26,2017
Libia,8,2017
Macedonia,51,2017
Malawi,1,2017
Malezja,20,2017
Mali,4,2017
Maroko,116,2017
Mauritius,6,2017
Meksyk,115,2017
Mjanma (Birma),2,2017
Mołdawia,4408,2017
Mongolia,159,2017
Mozambik,3,2017
Nepal,9732,2017
Nigeria,60,2017
Nikaragua,1,2017
Nowa Zelandia,10,2017
Oman,2,2017
Pakistan,450,2017
Palestyna,12,2017
Panama,1,2017
Peru,19,2017
Portugalia,1,2017
Republika Południowej Afryki,51,2017
Republika Zielonego Przylądka,0,2017
Rosja,1474,2017
Ruanda,3,2017
Salwador,3,2017
Senegal,13,2017
Serbia,971,2017
Singapur,3,2017
Słowenia,1,2017
Sri Lanka,77,2017
Stany Zjednoczone,431,2017
Sudan,2,2017
Surinam,9,2017
Syria,96,2017
Tadżykistan,410,2017
Tajlandia,360,2017
Tajwan,14,2017
Tanzania,2,2017
Togo,2,2017
Trynidad i Tobago,2,2017
Tunezja,92,2017
Turcja,1326,2017
Turkmenistan,19,2017
Uganda,3,2017
Ukraina,216048,2017
Urugwaj,0,2017
Uzbekistan,1615,2017
Wenezuela,36,2017
Wielka Brytania,1,2017
Wietnam,812,2017
Wybrzeże Kości Słoniowej,9,2017
Zimbabwe,13,2017
Zjednoczone Emiraty Arabskie,4,2017
Bezpaństwowcy,4,2017
Afganistan,70,2018
Albania,220,2018
Algieria,191,2018
Angola,6,2018
Arabia Saudyjska,7,2018
Argentyna,52,2018
Armenia,339,2018
Australia,57,2018
Azerbejdżan,3871,2018
Bahamy,2,2018
Bangladesz,10002,2018
Barbados,2,2018
Benin,3,2018
Bhutan,2,2018
Białoruś,21007,2018
Boliwia,2,2018
Bośnia i Hercegowina,186,2018
Brazylia,492,2018
Burundi,1,2018
Chile,16,2018
Chiny,1590,2018
Czarnogóra,27,2018
Demokratyczna Republika Konga,22,2018
Dominika,0,2018
Dominikana,46,2018
Egipt,308,2018
Ekwador,4,2018
Erytrea,4,2018
Etiopia,375,2018
Fidżi,2,2018
Filipiny,2676,2018
Francja,1,2018
Gambia,7,2018
Ghana,123,2018
Gruzja,3760,2018
Gujana,1,2018
Gwatemala,4,2018
Gwinea,16,2018
Haiti,3,2018
Honduras,3,2018
Indie,9706,2018
Indonezja,410,2018
Irak,148,2018
Iran,113,2018
Izrael,55,2018
Jamajka,4,2018
Japonia,285,2018
Jemen,47,2018
Jordania,46,2018
Kambodża,6,2018
Kamerun,42,2018
Kanada,126,2018
Kazachstan,918,2018
Kenia,30,2018
Kirgistan,882,2018
Kolumbia,107,2018
Komory,0,2018
Kongo,19,2018
Korea Południowa,963,2018
Kosowo,501,2018
Kostaryka,19,2018
Kraj nieustalony,1,2018
Kuba,31,2018
Laos,2,2018
Lesotho,1,2018
Liban,51,2018
Liberia,1,2018
Libia,4,2018
Macedonia,48,2018
Madagaskar,5,2018
Malezja,11,2018
Mali,2,2018
Maroko,257,2018
Mauritius,2,2018
Meksyk,105,2018
Mjanma (Birma),8,2018
Mołdawia,7025,2018
Mongolia,304,2018
Mozambik,1,2018
Namibia,1,2018
Nepal,22336,2018
Niger,1,2018
Nigeria,93,2018
Nikaragua,2,2018
Norwegia,1,2018
Nowa Zelandia,14,2018
Oman,1,2018
Pakistan,1360,2018
Palestyna,18,2018
Panama,2,2018
Paragwaj,4,2018
Peru,22,2018
Polska,1,2018
Republika Południowej Afryki,76,2018
Republika Środkowoafrykańska,3,2018
Rosja,2190,2018
Ruanda,7,2018
Rumunia,2,2018
Saint Kitts i Nevis,1,2018
Saint Lucia,1,2018
Saint Vincent i Grenadyny,1,2018
Salwador,6,2018
Senegal,29,2018
Serbia,953,2018
Sierra Leone,2,2018
Singapur,13,2018
Somalia,5,2018
Sri Lanka,455,2018
Stany Zjednoczone,551,2018
Suazi,1,2018
Sudan,12,2018
Sudan Południowy,2,2018
Surinam,7,2018
Syria,114,2018
Tadżykistan,1230,2018
Tajlandia,480,2018
Tajwan,14,2018
Tanzania,11,2018
Togo,1,2018
Tonga,1,2018
Trynidad i Tobago,1,2018
Tunezja,127,2018
Turcja,1693,2018
Turkmenistan,54,2018
Uganda,20,2018
Ukraina,262461,2018
Urugwaj,6,2018
Uzbekistan,3078,2018
Wenezuela,87,2018
Wietnam,1522,2018
Wybrzeże Kości Słoniowej,15,2018
Zimbabwe,20,2018
Zjednoczone Emiraty Arabskie,2,2018
Bezpaństwowcy,2,2018
Afganistan,67,2019
Albania,276,2019
Algieria,193,2019
Angola,60,2019
Antigua i Barbuda,1,2019
Arabia Saudyjska,4,2019
Argentyna,100,2019
Armenia,473,2019
Australia,48,2019
Azerbejdżan,3460,2019
Bahrajn,2,2019
Bangladesz,6888,2019
Barbados,1,2019
Belize,3,2019
Benin,4,2019
Białoruś,29129,2019
Boliwia,18,2019
Bośnia i Hercegowina,110,2019
Brazylia,485,2019
Bułgaria,1,2019
Burkina Faso,8,2019
Chile,23,2019
Chiny,2073,2019
Chorwacja,1,2019
Czarnogóra,24,2019
Demokratyczna Republika Konga,214,2019
Dominika,4,2019
Dominikana,148,2019
Dżibuti,3,2019
Egipt,434,2019
Ekwador,12,2019
Erytrea,5,2019
Etiopia,604,2019
Filipiny,7164,2019
Gabon,3,2019
Gambia,12,2019
Ghana,195,2019
Grenada,3,2019
Gruzja,8329,2019
Gujana,4,2019
Gwatemala,6,2019
Gwinea,30,2019
Haiti,2,2019
Hiszpania,1,2019
Honduras,6,2019
Indie,9053,2019
Indonezja,2638,2019
Irak,129,2019
Iran,204,2019
Izrael,91,2019
Jamajka,4,2019
Japonia,254,2019
Jemen,39,2019
Jordania,75,2019
Kambodża,289,2019
Kamerun,167,2019
Kanada,153,2019
Kazachstan,2221,2019
Kenia,144,2019
Kirgistan,1445,2019
Kolumbia,150,2019
Komory,14,2019
Kongo,63,2019
Korea Południowa,3179,2019
Korea Północna,0,2019
Kosowo,931,2019
Kostaryka,73,2019
Kuba,149,2019
Laos,3,2019
Liban,49,2019
Liberia,2,2019
Libia,15,2019
Litwa,2,2019
Macedonia Północna (d. Macedonia),41,2019
Madagaskar,3,2019
Malawi,1,2019
Malezja,32,2019
Mali,4,2019
Maroko,404,2019
Mauretania,2,2019
Mauritius,11,2019
Meksyk,130,2019
Mjanma (Birma),58,2019
Mołdawia,8183,2019
Mongolia,659,2019
Namibia,3,2019
Nepal,7891,2019
Niger,1,2019
Nigeria,486,2019
Nikaragua,2,2019
Nowa Zelandia,15,2019
Pakistan,1195,2019
Palestyna,31,2019
Papua-Nowa Gwinea,1,2019
Paragwaj,4,2019
Peru,37,2019
Portugalia,1,2019
Republika Południowej Afryki,104,2019
Republika Środkowoafrykańska,3,2019
Rosja,3265,2019
Rwanda (d. Ruanda),51,2019
Saint Kitts i Nevis,1,2019
Saint Lucia,1,2019
Saint Vincent i Grenadyny,1,2019
Salwador,11,2019
San Marino,1,2019
Senegal,92,2019
Serbia,1035,2019
Sierra Leone,18,2019
Singapur,10,2019
Słowenia,1,2019
Somalia,4,2019
Sri Lanka,1144,2019
Stany Zjednoczone,625,2019
Eswatini (d. Suazi),1,2019
Sudan,26,2019
Sudan Południowy,2,2019
Surinam,2,2019
Syria,107,2019
Tadżykistan,1196,2019
Tajlandia,644,2019
Tajwan,20,2019
Tanzania,17,2019
Togo,16,2019
Tonga,2,2019
Trynidad i Tobago,4,2019
Tunezja,224,2019
Turcja,3533,2019
Turkmenistan,375,2019
Uganda,113,2019
Ukraina,347433,2019
Urugwaj,6,2019
Uzbekistan,7129,2019
Wenezuela,196,2019
Wietnam,3791,2019
Wybrzeże Kości Słoniowej,46,2019
Zambia,4,2019
Zimbabwe,45,2019
Zjednoczone Emiraty Arabskie,2,2019
Bezpaństwowcy,4,2019
Afganistan,50,2020
Albania,379,2020
Algieria,123,2020
Angola,37,2020
Arabia Saudyjska,3,2020
Argentyna,72,2020
Armenia,414,2020
Australia,27,2020
Azerbejdżan,2202,2020
Bahrajn,2,2020
Bangladesz,3905,2020
Belize,0,2020
Benin,1,2020
Bezpaństwowcy,11,2020
Bhutan,0,2020
Białoruś,28553,2020
Boliwia,53,2020
Botswana,1,2020
Bośnia i Hercegowina,115,2020
Brazylia,275,2020
Burkina Faso,5,2020
Burundi,7,2020
Bułgaria,1,2020
Chile,37,2020
Chiny,1475,2020
Chorwacja,2,2020
Czarnogóra,31,2020
Demokratyczna Republika Konga,120,2020
Dominika,1,2020
Dominikana,15,2020
Dżibuti,1,2020
Egipt,286,2020
Ekwador,12,2020
Erytrea,11,2020
Etiopia,1179,2020
Filipiny,7557,2020
Francja,1,2020
Gabon,1,2020
Gambia,26,2020
Ghana,237,2020
Grecja,1,2020
Gruzja,8174,2020
Gujana,0,2020
Gwatemala,4,2020
Gwinea,32,2020
Haiti,7,2020
Hiszpania,1,2020
Holandia,1,2020
Honduras,4,2020
Indie,8799,2020
Indonezja,4261,2020
Irak,64,2020
Iran,101,2020
Izrael,219,2020
Jamajka,2,2020
Japonia,314,2020
Jemen,22,2020
Jordania,44,2020
Kambodża,41,2020
Kamerun,213,2020
Kanada,67,2020
Kazachstan,2368,2020
Kenia,245,2020
Kirgistan,1019,2020
Kolumbia,199,2020
Komory,7,2020
Kongo,58,2020
Korea Południowa,3023,2020
Korea Północna,3,2020
Kosowo,1278,2020
Kostaryka,31,2020
Kuba,153,2020
Liban,61,2020
Libia,8,2020
Macedonia Północna,63,2020
Madagaskar,4,2020
Malawi,2,2020
Malediwy,1,2020
Malezja,28,2020
Mali,6,2020
Maroko,555,2020
Mauretania,4,2020
Mauritius,6,2020
Meksyk,405,2020
Mjanma (Birma),2,2020
Mongolia,363,2020
Mozambik,1,2020
Mołdawia,7720,2020
Namibia,4,2020
Nepal,6401,2020
Niger,1,2020
Nigeria,582,2020
Nikaragua,4,2020
Nowa Zelandia,10,2020
Pakistan,952,2020
Palestyna,19,2020
Panama,1,2020
Paragwaj,6,2020
Peru,52,2020
Polska,3,2020
Republika Południowej Afryki,141,2020
Republika Środkowoafrykańska,6,2020
Rosja,3616,2020
Rumunia,6,2020
Rwanda,396,2020
Saint Kitts i Nevis,2,2020
Saint Lucia,1,2020
Saint Vincent i Grenadyny,2,2020
Salwador,6,2020
Senegal,33,2020
Serbia,855,2020
Sierra Leone,1,2020
Singapur,7,2020
Somalia,12,2020
Sri Lanka,445,2020
Stany Zjednoczone,543,2020
Sudan,15,2020
Surinam,2,2020
Syria,74,2020
Słowenia,1,2020
Tadżykistan,1186,2020
Tajlandia,535,2020
Tajwan,22,2020
Tanzania,31,2020
Togo,6,2020
Tonga,1,2020
Trynidad i Tobago,3,2020
Tunezja,191,2020
Turcja,2587,2020
Turkmenistan,952,2020
Uganda,114,2020
Ukraina,296491,2020
Urugwaj,2,2020
Uzbekistan,5183,2020
Wenezuela,135,2020
Wielka Brytania,6,2020
Wietnam,2892,2020
Wybrzeże Kości Słoniowej,27,2020
Włochy,1,2020
Zambia,5,2020
Zimbabwe,121,2020
Afganistan,78,2021
Albania,325,2021
Algieria,228,2021
Angola,44,2021
Arabia Saudyjska,7,2021
Argentyna,288,2021
Armenia,945,2021
Australia,42,2021
Austria,1,2021
Azerbejdżan,3782,2021
Bahamy,1,2021
Bahrajn,1,2021
Bangladesz,7524,2021
Benin,5,2021
Bhutan,7,2021
Białoruś,34830,2021
Boliwia,139,2021
"Bonaire, Sint Eustatius and Saba",38,2021
Botswana,2,2021
Brazylia,358,2021
Brunei,1,2021
Bułgaria,1,2021
Burkina Faso,2,2021
Burundi,37,2021
Chile,33,2021
Chiny,1720,2021
Curaçao,27,2021
Czad,3,2021
Demokratyczna Republika Konga,102,2021
Dominika,5,2021
Dominikana,26,2021
Dżibuti,3,2021
Egipt,379,2021
Ekwador,13,2021
Erytrea,27,2021
Etiopia,2165,2021
Fidżi,1,2021
Filipiny,13279,2021
Francja,1,2021
Gabon,4,2021
Gambia,38,2021
Ghana,487,2021
Giblartar,1810,2021
Gruzja,9267,2021
Guernsey,3,2021
Gwatemala,12,2021
Gwinea,70,2021
Gwinea Równikowa,1,2021
Haiti,2,2021
Honduras,4,2021
Indie,15326,2021
Indonezja,7899,2021
Irak,127,2021
Iran,166,2021
Irlandia,1,2021
Izrael,118,2021
Jamajka,8,2021
Japonia,198,2021
Jemen,37,2021
Jordania,83,2021
Kambodża,3,2021
Kamerun,497,2021
Kanada,60,2021
Kazachstan,4585,2021
Kenia,779,2021
Kirgistan,2464,2021
Kiribati,1,2021
Kolumbia,243,2021
Komory,8,2021
Kongo,74,2021
Korea Południowa,2057,2021
Kosowo,943,2021
Kostaryka,42,2021
Kuba,270,2021
Laos,5,2021
Lesotho,1,2021
Liban,114,2021
Liberia,5,2021
Libia,10,2021
Macedonia,67,2021
Madagaskar,4,2021
Malawi,9,2021
Malezja,64,2021
Mali,7,2021
Maroko,479,2021
Mauretania,1,2021
Mauritius,19,2021
Meksyk,305,2021
Mikronezja,1,2021
Mjanma (Birma),13,2021
Mołdawia,7958,2021
Mongolia,180,2021
Mozambik,2,2021
Namibia,8,2021
Nepal,10853,2021
Niger,1,2021
Nigeria,987,2021
Nikaragua,6,2021
Nowa Zelandia,9,2021
Oman,1,2021
Pakistan,1526,2021
Panama,4,2021
Paragwaj,5,2021
Peru,163,2021
Republika Południowej Afryki,195,2021
Republika Środkowoafrykańska,2,2021
Rosja,6228,2021
Rumunia,2,2021
Rwanda,686,2021
Saint Christopher i Nevis,3,2021
Saint Vincent i Grenadyny,2,2021
Salwador,7,2021
Senegal,49,2021
Serbia i Czarnogóra,5,2021
Sierra Leone,20,2021
Singapur,22,2021
Somalia,6,2021
Sri Lanka,541,2021
Stany Zjednoczone,579,2021
Sudan,15,2021
Surinam,3,2021
Syria,122,2021
Tadżykistan,2527,2021
Tajlandia,467,2021
Tajwan,5,2021
Tanzania,66,2021
Togo,14,2021
Tonga,4,2021
Trynidad i Tobago,3,2021
Tunezja,251,2021
Turcja,7351,2021
Turkmenistan,2648,2021
Uganda,904,2021
Ukraina,325213,2021
Urugwaj,5,2021
Uzbekistan,15002,2021
Vanuatu,1,2021
Wenezuela,85,2021
Wielka Brytania,227,2021
Wietnam,3427,2021
Wybrzeże Kości Słoniowej,43,2021
Wyspa Man,108,2021
Zambia,7,2021
Zimbabwe,360,2021
Zjednoczone Emiraty Arabskie,2,2021
Majotta,1,2021
Afganistan,152,2022
Albania,578,2022
Algieria,409,2022
Angola,71,2022
Arabia Saudyjska,8,2022
Argentyna,566,2022
Armenia,368,2022
Australia,33,2022
Azerbejdżan,7769,2022
Bahamy,1,2022
Bangladesz,13539,2022
Belgia,1,2022
Benin,16,2022
Bez obywatelstwa,16,2022
Bhutan,4,2022
Białoruś,18418,2022
Boliwia,386,2022
Bośnia i Hercegowina,131,2022
Botswana,3,2022
Brazylia,403,2022
Burkina Faso,7,2022
Burundi,65,2022
Chile,34,2022
Chiny,2233,2022
Czad,2,2022
Czarnogóra,39,2022
Demokratyczna Republika Konga,156,2022
Dominika,2,2022
Dominikana,15,2022
Dżibuti,1,2022
Egipt,923,2022
Ekwador,33,2022
Erytrea,17,2022
Etiopia,535,2022
Filipiny,22557,2022
Gambia,56,2022
Ghana,687,2022
Gruzja,4285,2022
Gujana,3,2022
Gwatemala,347,2022
Gwinea,110,2022
Haiti,7,2022
Honduras,18,2022
Indie,41640,2022
Indonezja,10011,2022
Irak,191,2022
Iran,353,2022
Irlandia,1,2022
Izrael,81,2022
Jamajka,5,2022
Japonia,224,2022
Jemen,62,2022
Jordania,184,2022
Kambodża,33,2022
Kamerun,557,2022
Kanada,70,2022
Katar,1,2022
Kazachstan,8883,2022
Kenia,2091,2022
Kirgistan,8051,2022
Kolumbia,4129,2022
Komory,14,2022
Kongo,123,2022
Korea Południowa,1884,2022
Kosowo,1730,2022
Kostaryka,51,2022
Kuba,984,2022
Lesotho,2,2022
Liban,152,2022
Liberia,30,2022
Libia,19,2022
Macedonia Północna,132,2022
Madagaskar,2,2022
Malawi,8,2022
Malezja,81,2022
Mali,13,2022
Maroko,1206,2022
Mauretania,2,2022
Mauritius,51,2022
Meksyk,412,2022
Mjanma,66,2022
Mołdawia,1828,2022
Mongolia,171,2022
Mozambik,9,2022
Namibia,17,2022
Nepal,20045,2022
Niger,4,2022
Nigeria,1611,2022
Nikaragua,15,2022
Nowa Zelandia,19,2022
Pakistan,4645,2022
Palau,1,2022
Palestyna,41,2022
Panama,10,2022
Paragwaj,41,2022
Peru,238,2022
Republika Południowej Afryki,223,2022
Republika Środkowoafrykańska,1,2022
Republika Zielonego Przylądka,1,2022
Rosja,2330,2022
Rumunia,1,2022
Rwanda,977,2022
Saint Christopher i Newis (Saint Kitts i Nevis),2,2022
Saint Lucia,2,2022
Saint Vincent i Grenadyny,1,2022
Salwador,12,2022
Senegal,58,2022
Serbia,1311,2022
Seszele,1,2022
Sierra Leone,36,2022
Singapur,21,2022
Somalia,12,2022
Sri Lanka,1627,2022
Stany Zjednoczone Ameryki,487,2022
Suazi,1,2022
Sudan,30,2022
Sudan Południowy,3,2022
Surinam,5,2022
Syria,216,2022
Tadżykistan,5380,2022
Tajlandia,732,2022
Tajwan,17,2022
Tanzania,196,2022
Timor Wschodni,1,2022
Togo,13,2022
Tonga,1,2022
Trynidad i Tobago,4,2022
Tunezja,377,2022
Turcja,25004,2022
Turkmenistan,11919,2022
Uganda,1348,2022
Ukraina,85074,2022
Urugwaj,5,2022
Uzbekistan,33373,2022
Vanuatu,5,2022
Wenezuela,263,2022
Wielka Brytania,382,2022
Wietnam,5908,2022
Wybrzeże Kości Słoniowej,64,2022
Zambia,23,2022
Zimbabwe,815,2022
